"Post ID","Account ID","Account username","Account name",Description,"Duration (sec)","Publish time",Permalink,"Post type","Data comment",Date,Views,Reach,Likes,Shares,Follows,Comments,Saves
18088691320935505,17841472326972546,orthodox_korea,"Orthodox Korea Network","한국 정교회 대교구 주간 소식 (3월 15일) | Weekly Bulletin of the Orthodox Metropolis of Korea (March 15)

#정교회 #한국정교회 #한국정교회대교구 #orthodox #orthodoxy",0,"03/15/2026 08:46",https://www.instagram.com/p/DV6R8VejxSK/,"IG carousel",,Lifetime,684,214,33,0,0,0,1
18059550773400508,17841472326972546,orthodox_korea,"Orthodox Korea Network","[Sunday of the Holy Cross | 십자가 경배 주일]
오늘 십자가 경배 주일을 맞아, 존귀한 십자가에 경배하며 ‘거룩한 대 사순절’의 남은 절반을 향해 나아갑니다.
십자가는 단순한 상징이 아니라 새로운 ‘생명 나무’입니다. 구약성서에서 모세가 하느님의 백성을 구하기 위해 두 팔을 십자가 모양으로 펼치고, 나무 한 그루를 던져 마라의 쓴물을 달게 변화시켰던 것처럼, 그리스도의 십자가는 대 사순절의 중앙에 나타나 우리의 영적 투쟁을 감미롭게 하고 고통을 부활로 변화시켜 줍니다.

한국에서 거행된 존귀한 십자가 경배 현장에서 전해드립니다! 

Today, on the Sunday of the Veneration of the Holy Cross, we continue the remaining half of Holy and Great Lent by venerating the Precious Cross!
The Cross is not just a symbol, but the new “Tree of Life.” Just as in the Old Testament Moses stretched out his hands in the shape of a cross to save God’s people and threw a piece of wood to sweeten the bitter waters of Marah, so the Cross of Christ comes in the middle of Lent to sweeten our own struggle and transform pain into Resurrection.
From the Elevation of the Precious Cross in Korea! ☦️🇰🇷
#정교회 #십자가 #한국정교회 #orthodox #korea",38,"03/15/2026 02:14",https://www.instagram.com/reel/DV5kW_GD2Kx/,"IG reel",,Lifetime,3923,2765,206,54,3,6,11
18082118027523035,17841472326972546,orthodox_korea,"Orthodox Korea Network","During Great Lent, the faithful participate in the Liturgy of the Presanctified Gifts, where the Holy Gifts, pre-consecrated from the previous Sunday, are offered for Communion. 
A moment of silence, penitence, and deep reverence, where love and faith are united through the Body and Blood of Christ. 
This service is celebrated every Wednesday and Friday of Great Lent, and on the first three days of Holy Week, reminding us all of the power of prayer and repentance. 

사순절 동안 신자들은 미리 축성된 성찬예배에 참여합니다. 이 예배에서는 이전 주일에 미리 축성된 거룩한 선물, 성체와 성혈이 신자들에게 제공됩니다.
침묵과 회개의 순간, 깊은 경건 속에서 사랑과 믿음이 그리스도의 몸과 피를 통해 하나가 되는 시간입니다. 
이 예식은 사순절 동안 매주 수요일과 금요일 그리고 성 대 주간 첫 사흘동안 거행되며, 우리 모두에게 기도와 회개의 힘을 일깨워 줍니다. 

#Korea #Orthodox #holy #christianity #church",36,"03/12/2026 23:58",https://www.instagram.com/reel/DV0LYvXD2Px/,"IG reel",,Lifetime,1230,615,126,7,6,1,6
17927062236250314,17841472326972546,orthodox_korea,"Orthodox Korea Network","[Sunday of Orthodoxy – Blessing of the Catechumens Preparing for Baptism]

On the Sunday of Orthodoxy, the Orthodox Metropolis of Korea celebrated the victory of our faith with an icon procession at Saint Nicholas Cathedral.

After the icon procession, those who are preparing to receive baptism on Lazarus Saturday (April 4) came forward and were presented before Metropolitan Ambrosios, receiving his blessing. Having now passed beyond the stage of catechumens, they have entered the rank of those who are preparing to receive the Holy Illumination.

[정교주일 – 세례 예비자들 축복식]

정교 주일을 맞아, 한국정교회 대교구는 서울 성 니콜라스 대성당에서 성화상 행렬을 하며 우리 신앙의 승리를 경축하였습니다.

성화행렬 후, 라자로의 토요일(4/4)에 세례를 받기 위해 준비하고 있는 이들이 암브로시오스 대주교 앞에 나아가 소개되고 대주교의 축복을 받았습니다. 이들은 이제 ‘예비신자’의 단계를 지나, ‘거룩한 빛을 받을 준비를 하는 이들’의 무리에 속하게 되었습니다.

#orthodox #icons #korea #catechism #sundayoforthodoxy",0,"03/12/2026 05:15",https://www.instagram.com/p/DVyLaYTjWNR/,"IG carousel",,Lifetime,2197,1141,206,32,3,5,4
17960138355058400,17841472326972546,orthodox_korea,"Orthodox Korea Network","[Vespers of Forgiveness]

On Forgiveness Sunday, the Sunday before Great Lent after the Divine Liturgy, the faithful gathered again in the church and, with a spirit of reverence, attended the Vespers of Forgiveness. At the end of the service, beginning with the priests, a rite was held in which all the faithful asked one another for forgiveness.

One by one, they came forward and passed before all the faithful, asking and granting forgiveness to one another. In this way, a great human chain of love and forgiveness was formed. Before these moving and sincere moments—when many shed tears in repentance—the hearts of the faithful were deeply touched.

Thus, Great Lent began in all the churches of the Orthodox Metropolis of Korea, including Saint Nicholas Cathedral, and the faithful willingly entered the “arena of virtues,” bearing the banner of forgiveness and love.

We earnestly pray that the Lord may strengthen us, so that we may persevere to the end, be victorious in the spiritual struggle, and be made worthy to partake in His holy Passion and His life-giving Resurrection. Amen.

[용서주일 참회의 대만과]

사순절 전 주일인 용서주일에 성찬예배 후 신자들은 다시 성당에 모여 경건한 마음으로 참회의 대만과에 참석하였습니다. 예배의 마지막 부분에는 사제들을 시작으로 모든 신자들이 서로에게 용서를 구하는 예식이 거행되었습니다.
한 사람씩 앞으로 나와 모든 신자들 앞을 지나가며 서로 용서를 구하고 또 용서해 주는 가운데, 사랑과 용서로 이어진 거대한 인간 사슬이 형성되었습니다. 눈물을 흘리며 회개하는 이 감동적이고 진실한 장면들 앞에서 신자들의 마음은 깊은 울림을 받았습니다.

이렇게 하여 대사순절은 서울 성 니콜라스 대성당을 비롯한 한국정교회 대교구의 모든 성당에서 시작되었으며, 신자들은 용서와 사랑의 깃발을 들고 기꺼이 “덕행의 경기장”에 들어섰습니다.

주님께서 우리를 굳건하게 하시어, 우리가 끝까지 영적인 싸움에서 승리하고 그분의 거룩한 수난과 생명을 주시는 부활에 참여할 자격을 얻게 되기를 간절히 기도합니다. 아멘.

#orthodox #forgiveness #korea #greatlent #vespers",0,"03/12/2026 04:19",https://www.instagram.com/p/DVyE9EkDfDm/,"IG carousel",,Lifetime,1867,1029,185,37,6,0,6
18109471972753586,17841472326972546,orthodox_korea,"Orthodox Korea Network","☦️ 성찬예배 이후의 예배 : «전례 후의 전례»
성 니콜라스 대성당에서 거행되는 성찬예배 후에는 매 주일마다 공동체의 오찬이자 예배의 연장선인 “사랑의 오찬(Agape Meal)”을 통해 예배를 계속 이어갑니다. 사랑의 오찬 이후 성당의 여러 모임들, 특히 청년회 “신데즈모스(Syndesmos)”는 한국어와 영어를 사용하는 교우들이 커피 한잔을 나누며 영적 대화와 토론에 참여하여 교제와 친교를 나눕니다.

☦️ “Liturgy after the Liturgy”
After the Divine Liturgy at St. Nicholas Cathedral, every Sunday the “liturgy” continues with the “Agape” meal, the community’s common meal. Afterwards, the various parish groups, including the youth association (Syndesmos), hold spiritual talks and discussions with both Korean and English speaking participants. Fellowship often continues with coffee time.
#정교회 #orthodox #성찬예배 #korea #기독교",36,"03/09/2026 00:00",https://www.instagram.com/reel/DVp4XC8j8Lt/,"IG reel",,Lifetime,2573,1168,267,89,7,3,16
17957033646062918,17841472326972546,orthodox_korea,"Orthodox Korea Network","✨ 비잔틴 성화 세미나 안내 ✨
한국정교회 대교구 & 일본 엑사르히아에서 그리스 성화작가 소조스 야누디스(Sozos Giannoudis) 교수님을 초빙하여 한국인 성화작가 따띠안나 서미경 작가님와 함께 비잔틴 성화 세미나를 진행합니다.
🖌 대상: 전공자 & 일반인 🎨 과정: 초급 / 고급
📍 장소: 한국정교회 대교구 (서울시 마포구 마포대로 18길 43) 📅 기간: 2026년 6월 1일 ~ 30일 ⏰ 수업 시간: 월~금, 10:00 ~ 17:00 💰 수강료: 2,000,000원
✏️ 등록 안내: 신청서를 작성하여 orthodoxkorea@gmail.com 으로 보내주세요. 신청서는 프로필 링크 참조 또는 한국 정교회 대교구 홈페이지에서 다운로드 가능
⏳ 등록 마감: 2026년 3월 20일 📞 문의: 02-362-6371 / 010-3088-8878

✨ Byzantine Icon Painting Seminar ✨
The Orthodox Metropolis of Korea and Exarchate of Japan hosting a Byzantine icon painting seminar with Professor Sozos Giannoudis, a Greek iconographer, together with icon painter Tatiana So.
🖌 Audience: Both professionals & general public 🎨 Level: Beginner / Advanced
📍 Location: Orthodox Metropolis of Korea (43, Mapo-daero 18-gil, Mapo-gu, Seoul) 📅 Period: June 1 – 30, 2026 ⏰ Class Hours: Monday – Friday, 10:00 AM – 5:00 PM 💰 Tuition Fee: 2,000,000 KRW
✏️ Registration: Please complete the application form and send it to orthodoxkorea@gmail.com. The application form can be downloaded from the profile link or the Orthodox Metropolis of Korea website.
⏳ Registration Deadline: March 20, 2026 📞 Contact: +82-2-362-6371 / +82-10-3088-8878",0,"03/07/2026 11:07",https://www.instagram.com/p/DVmCjpFjIeK/,"IG carousel",,Lifetime,1777,599,87,32,0,0,3
17902621152379451,17841472326972546,orthodox_korea,"Orthodox Korea Network","[Pastoral Visit to Okinawa and Tokyo, Japan]

From February 19 to 22, 2026, Metropolitan Ambroseios of Korea and Exarch of Japan visited Okinawa and Tokyo to serve the liturgical and pastoral needs of Orthodox faithful and catechumens.

In Okinawa, he met with Dr. Nathan Hoppe of the Orthodox Christian Mission Center (OCMC) and Fr. Stephen Ritsi to discuss plans for Orthodox missionary work on the island. They also visited a building intended as the church, priest’s residence, and spiritual center for the future parish of the Nativity of Christ. That evening, the Metropolitan presided over Archieratic Vespers with Fr. Andrew Kearns and Fr. Stephen Ritsi.

The following day, Orthros and the Divine Liturgy were celebrated, followed by a memorial service. Dr. Hoppe spoke about OCMC’s work and commemorated the late Metropolitan Demetrios Couchell, OCMC’s first Executive Director. Thanks were offered to Mrs. Erasmia Iliaki and her family for hosting a “house church.”

On February 22, the Metropolitan celebrated the Divine Liturgy at the Greek Ambassador’s residence in Tokyo, kindly provided by H.E. Mrs. Olga Kliamaki, attended by H.E. Mr. Ioannis Michaelides and Greek and Japanese faithful. After blessing the Vasilopita, he met Professor Masuda Tomoyuki to discuss the 23rd Japanese Byzantine Studies Conference at Waseda University, where he will give the keynote address.

[암브로시오스 대주교 일본 사목 방문]

2026년 2월 19~22일, 암브로시오스 대주교는 일본 오키나와와 도쿄를 방문하여 정교회 신자와 예비 신자의 전례적·사목적 필요를 돌보았습니다. 오키나와에서 대주교는 OCMC(Orthodox Christian Mission Center)나단 호페 사무총장과 스테판 리치 신부를 만나, 선교 활동이 없었던 지역에서의 선교 조직 계획을 논의했습니다. 2월 20일, 대주교는 OCMC 관계자와 함께 성당, 사제관, 영성센터 예정 건물을 방문하고 소유주와 매입 관련 사항을 협의했으며, 저녁에는 만과를 집전했습니다.
다음 날 조과와 성찬예배 후 추도식이 봉헌되었고, 나단 호페 박사는 OCMC 사역과 초대 사무총장 데메트리오스 쿠첼 대주교를 추모했습니다. 또한 “가정 교회”로 공간을 제공한 에라스미아 일리아키 여사와 가족에게 감사가 전해졌습니다. 2월 22일 주일, 대주교는 도쿄 그리스 대사관저에서 성찬예배를 집전하고 바실로피타를 축복했으며, 리셉션에서 마스다 토모유키 교수와 와세다대학교에서 열릴 제23회 일본 비잔틴 연구 학술대회를 논의했습니다.",0,"03/07/2026 10:15",https://www.instagram.com/p/DVl8kGYjPdD/,"IG carousel",,Lifetime,1896,573,123,2,0,0,3
18083062214013997,17841472326972546,orthodox_korea,"Orthodox Korea Network","한국 정교회 대교구 주간 소식 (3월 8일)
Weekly Bulletin of the Orthodox Metropolis of Korea (March 8)

#정교회 #한국정교회 #한국정교회대교구 #orthodox #orthodoxy",0,"03/07/2026 07:23",https://www.instagram.com/p/DVlo3uyD1V7/,"IG carousel",,Lifetime,1269,371,48,0,0,0,1
18072183461443070,17841472326972546,orthodox_korea,"Orthodox Korea Network","성모 기립 찬양
성 니콜라스 대성당, 서울 (2026)
Salutations to the Theotokos
St. Nicholas Cathedral, Seoul
Χαιρετισμοί της Θεοτόκου στον Καθεδρικό Ι.Ν. Αγίου Νικολάου, Σεούλ, Νότια Κορέα
#orthodox #christianity #Korea #faith #theotokos",56,"03/07/2026 01:20",https://www.instagram.com/reel/DVk_AX7j97C/,"IG reel",,Lifetime,2130,1119,240,65,9,5,13
18156502309386316,17841472326972546,orthodox_korea,"Orthodox Korea Network","정교 주일을 맞아, 한국정교회 대교구는 서울 성 니콜라스 대성당에서 성화상 행렬을 하며 우리 신앙의 승리를 경축하였습니다.

On the Sunday of Orthodoxy, the Orthodox Metropolis of Korea celebrated the triumph of our faith with the procession of Holy Icons at St. Nicholas Cathedral in Seoul. 

정교 주일 Sunday of Orthodoxy
성 니콜라스 대성당, 서울
St. Nicholas Cathedral, Seoul 2026 #orthodox #icons #korea #greatlent #sundayoforthodoxy",0,"03/01/2026 23:15",https://www.instagram.com/reel/DVX5A3QjwaI/,"IG reel",,Lifetime,4654,2780,344,131,26,15,22
18052982225460829,17841472326972546,orthodox_korea,"Orthodox Korea Network","한국 정교회 대교구 주간 소식 (2월 1일)
Weekly News of Orthodox metropolis of Korea (February 1)

#정교회 #한국정교회 #한국정교회대교구 #orthodox#orthodoxy #orthodoxchristian #orthodoxchurch #christian #christianity #korea #orthodoxkorea#koreaorthodox#orthodox_korea #orthodoxkoreanetwork",0,"02/08/2026 08:55",https://www.instagram.com/p/DUgSCGeDbFv/,"IG carousel",,Lifetime,1746,360,41,0,1,0,2
18077919176058539,17841472326972546,orthodox_korea,"Orthodox Korea Network","2026 Winter camp of the Orthodox Metropolis of Korea - Syndesmos
2026년 한국정교회 대교구 겨울 수련회 - 신데즈모스(청년회)",0,"02/08/2026 08:49",https://www.instagram.com/p/DUgRQWGDf9q/,"IG carousel",,Lifetime,2696,682,145,8,0,0,5
18092439220826125,17841472326972546,orthodox_korea,"Orthodox Korea Network","2026 Winter camp of the Orthodox Metropolis of Korea - Elementary, Middle and High School
2026년 한국정교회 대교구 겨울 수련회 - 초중고등부",0,"01/31/2026 07:42",https://www.instagram.com/p/DULjPSmjVXP/,"IG carousel",,Lifetime,3307,671,157,29,2,0,3
17855149155562745,17841472326972546,orthodox_korea,"Orthodox Korea Network","한국 정교회 대교구 주간 소식 (1월 25일)
Weekly News of Orthodox metropolis of Korea (January 25)

#정교회 #한국정교회 #한국정교회대교구 #orthodox#orthodoxy #orthodoxchristian #orthodoxchurch #christian #christianity #korea #orthodoxkorea#koreaorthodox#orthodox_korea #orthodoxkoreanetwork",0,"01/25/2026 11:07",https://www.instagram.com/p/DT8eBMojUod/,"IG carousel",,Lifetime,2584,455,63,13,2,1,5
18096619705908313,17841472326972546,orthodox_korea,"Orthodox Korea Network","한국 정교회 대교구 주간 소식 (1월 18일)
Weekly News of Orthodox metropolis of Korea (January 18)

#정교회 #한국정교회 #한국정교회대교구 #orthodox#orthodoxy #orthodoxchristian #orthodoxchurch #christian #christianity #korea #orthodoxkorea#koreaorthodox#orthodox_korea #orthodoxkoreanetwork",0,"01/19/2026 09:53",https://www.instagram.com/p/DTs4uJqjVJH/,"IG carousel",,Lifetime,2446,428,53,1,0,0,1
17921911476226445,17841472326972546,orthodox_korea,"Orthodox Korea Network","[Theophany at St. Nicholas Cathedral, Seoul]

[서울 성 니콜라스 대성당에서의 2026년 신현축일]",0,"01/09/2026 14:19",https://www.instagram.com/p/DTTnNSNjQ9R/,"IG carousel",,Lifetime,3230,497,98,1,0,0,1
18117614899600954,17841472326972546,orthodox_korea,"Orthodox Korea Network","[New year at St. Nicholas Cathedral, Seoul]

[서울 성 니콜라스 대성당에서의 2026년 새해]",0,"01/09/2026 14:15",https://www.instagram.com/p/DTTmuzDjfM0/,"IG carousel",,Lifetime,3124,515,89,11,0,1,0
18435065644109437,17841472326972546,orthodox_korea,"Orthodox Korea Network","[2025 Christmas at St. Nicholas Cathedral, Seoul]

[서울 성 니콜라스 대성당에서의 2025년 성탄절]",0,"01/09/2026 14:11",https://www.instagram.com/p/DTTmRvxDXrb/,"IG carousel",,Lifetime,3324,517,111,14,1,0,1
18059633594322119,17841472326972546,orthodox_korea,"Orthodox Korea Network","[Celebration of Christmas in Okinawa and Tokyo]

On December 26–28, 2025, His Eminence Metropolitan Ambrosios of Korea and Exarch of Japan visited Okinawa and Tokyo to celebrate the great Feast of the Nativity of Christ.
In Okinawa, on Saturday, December 27, the Divine Liturgy for Christmas was celebrated, presided over by His Eminence and concelebrated by Fr. Andrew Kearns, who serves at the U.S. military base in Okinawa, and Hieromonk Fr. Epiphanios Grigoriatis. Following the Divine Liturgy, all attendees had the opportunity for fellowship in an atmosphere of spiritual joy and love in Christ.
On the following day, Sunday, December 28, the Divine Liturgy was celebrated in Tokyo. Among those participating in the Eucharistic gathering was the new Ambassador of Greece to Japan, Ms. Olga Kliamaki, who had the opportunity to meet His Eminence personally and become acquainted with the work of the Exarchate.
In his addresses in both Okinawa and Tokyo, His Eminence conveyed the venerable paternal greetings and blessings of His All-Holiness the Ecumenical Patriarch Bartholomew, and offered words of spiritual edification and encouragement to the faithful. In addition, meetings were held aimed at better organization and the further strengthening of the presence of the Orthodox Church in Japan under the jurisdiction of the Ecumenical Patriarchate.
We wholeheartedly pray that the newly born Christ may abundantly bestow His blessing in the New Year 2026, for the establishment and spiritual fruitfulness of our Orthodox Church in Japan, so that it may continue to be a radiant beacon in the Land of the Rising Sun.
 
[오키나와 & 도쿄 성탄축일]

2025년 12월 26일부터 28일까지, 한국 정교회 대교구장이자 일본 엑사르호스이신 암브로시오스 대주교께서 그리스도 탄생 대축일을 기념하기 위해 오키나와와 도쿄를 방문하셨습니다. 12월 27일 토요일, 오키나와에서 암브로시오스 대주교는 오키나와 미군 기지에서 사목하시는 앤드류 컨스 신부와 에피파니오스 그리고리아티스 수도사제와 공동으로 성탄절 성찬예배를 집전하셨습니다. 성찬 예배 후에 참석자들은 그리스도 안에서 영적인 기쁨과 사랑이 넘치는 가운데 친교의 시간을 가졌습니다.
다음 날인 12월 28일 일요일에는 도쿄에서 성찬예배가 거행되었습니다. 이 성찬 예배에는 새로 부임한 올가 클리아마키 주일 그리스 대사도 참석하여 암브로시오스 대주교를 직접 뵙고 일본 엑사르히아 선교사업에 대해 논의하는 시간을 가졌습니다.
새롭게 탄생하신 그리스도께서 2026년 새해에도 풍성한 은총으로 일본 정교회의 건립과 영적인 열매 맺음을 더욱 풍성하게 해주셔서 일본에서 정교회가 환한 빛으로 타오르는 등불이 되기를 간절히 기도합니다.",0,"01/09/2026 13:45",https://www.instagram.com/p/DTTjVP6DQkx/,"IG carousel",,Lifetime,3535,620,150,4,0,0,2
18083617181154517,17841472326972546,orthodox_korea,"Orthodox Korea Network","한국 정교회 대교구 주간 소식 (1월 11일)
Weekly News of Orthodox metropolis of Korea (January 11)

#정교회 #한국정교회 #한국정교회대교구 #orthodox#orthodoxy #orthodoxchristian #orthodoxchurch #christian #christianity #korea #orthodoxkorea#koreaorthodox#orthodox_korea #orthodoxkoreanetwork",0,"01/09/2026 12:37",https://www.instagram.com/p/DTTbmwmjeD2/,"IG carousel",,Lifetime,2548,435,37,0,0,0,0
18072019859525247,17841472326972546,orthodox_korea,"Orthodox Korea Network","바실로피타(Βασιλόπιτα)는 그리스의 정교회 전통에서 새해 첫날인 1월 1일, 성 바실리오스 축일에 나누는 특별한 빵 또는 케이크입니다. 이는 단순한 음식이 아니라 하느님의 축복과 새해의 평안을 기원하는 종교적·공동체적 음식입니다.
바실로피타의 가장 큰 특징은 빵 속에 숨겨진 동전(플루리, φλουρί)입니다. 전통에 따라 그리스도와 성 바실리오스, 집을 위한 조각을 먼저 자른 뒤 사람들에게 나누며, 동전이 든 조각을 받은 이는 그 해 동안 축복과 보호, 행운을 받는다고 여겨집니다. 이러한 관습은 성 바실리오스가 가난한 이들을 돕기 위해 빵 속에 동전을 넣어 나누어 주었다는 전승에서 비롯된 것입니다.
바실로피타는 지역에 따라 빵이나 케이크 형태로 만들어지며, 위에는 십자가나 새해 연도를 장식합니다. 이 전통은 가정뿐 아니라 교회와 수도원, 공동체에서도 함께 행해지며, 새해를 신앙과 나눔으로 시작하게 하는 정교회 문화의 중요한 상징입니다.

Vasilopita is a traditional Greek Orthodox bread or cake shared on January 1, the feast day of Saint Basil. It is not merely food but a ritual symbol expressing prayers for God’s blessing, peace, and good fortune in the new year.
A defining feature of Vasilopita is a coin hidden inside. According to tradition, the first pieces are cut for Christ, Saint Basil, and the household, and then distributed to those present. The person who finds the coin is believed to receive special blessing, protection, and good fortune during the year. This custom is linked to the tradition that Saint Basil once placed coins in bread to return valuables to the poor.
Vasilopita may be made as a simple leavened bread or as a sweet cake, depending on region and custom, and is often decorated with a cross or the new year’s date. It is shared not only in homes but also in churches, monasteries, and communities, marking the beginning of the year with faith, gratitude, and communal unity. 
#정교회 #한국정교회 #한국정교회대교구 #orthodox#orthodoxy #orthodoxchristian #orthodoxchurch #christian #christianity #korea #orthodoxkorea#koreaorthodox#orthodox_korea #orthodoxkoreanetwork#newyear2026",31,"01/08/2026 02:10",https://www.instagram.com/reel/DTPuycCjckw/,"IG reel",,Lifetime,1815,804,140,22,9,1,7
18033944801550655,17841472326972546,orthodox_korea,"Orthodox Korea Network","Christmas in Seoul, Korea 2

#orthodox #정교회 #christmas #orthodoxkorea #orthodoxchristian",118,"01/04/2026 20:12",https://www.instagram.com/reel/DTHXXEQiDNw/,"IG reel",,Lifetime,1253,595,98,11,1,1,4
18087286984852177,17841472326972546,orthodox_korea,"Orthodox Korea Network","Christmas in Seoul, Korea 

#orthodox #정교회 #orthodoxkorea #christmas",118,"01/04/2026 19:39",https://www.instagram.com/reel/DTHTe6wiLZU/,"IG reel",,Lifetime,2201,1394,139,13,4,2,3
17910958575276801,17841472326972546,orthodox_korea,"Orthodox Korea Network","새해 복 많이 받으세요!
행복하고 건강한 한 해 되세요!

Happy New Year!
Wishing you a happy and healthy New Year!",0,"01/01/2026 00:08",https://www.instagram.com/p/DS9fgCKCJ2O/,"IG image",,Lifetime,2453,476,55,2,0,1,0
17917830330247743,17841472326972546,orthodox_korea,"Orthodox Korea Network","한국 정교회 대교구 주간 소식 (12월 28일)
Weekly News of Orthodox metropolis of Korea (December 28)

#정교회 #한국정교회 #한국정교회대교구 #orthodox#orthodoxy #orthodoxchristian #orthodoxchurch #christian #christianity #korea #orthodoxkorea#koreaorthodox#orthodox_korea #orthodoxkoreanetwork",0,"12/28/2025 13:26",https://www.instagram.com/p/DS0nlAejJMZ/,"IG carousel",,Lifetime,2819,438,53,0,1,0,1
18444118561102196,17841472326972546,orthodox_korea,"Orthodox Korea Network","[Seven New Souls in the Embrace of the Orthodox Church in Korea]

With particular spiritual joy and in an atmosphere of deep contrition, on Saturday, December 20, 2025—the day on which our Church honored the memory of Saint Ignatius the God-bearer—the baptism of seven new members took place at the headquarters of the Orthodox Metropolis of Korea and Exarchate of Japan in Seoul. The holy Sacrament was performed during the baptismal Divine Liturgy, which was celebrated by Fr. Roman Kavchak, Fr. Antonios Lim, Fr. Epiphanios Grigoriatis, and Deacon Christopher Jonker.
After the conclusion of the Liturgy, those present gathered in the hall of the Metropolis, where Metropolitan Ambrosios delivered a speech of spiritual edification to the newly illumined. In his address, he elaborated on the close connection between the Sacrament of baptism and the personality of St. Ignatios, emphasizing that the highest purpose of every Christian is to become “God-bearer,” conveying the grace of God to the world. At the same time, referring to a related hymn from the Christmas period, he reminded us of the profound meaning of the Incarnation: that “God became man to save man as the only lover of mankind (Philanthropos).”
We wholeheartedly wish to our seven newly illumined brothers that the Lord grant them strength and spiritual progress, and that the light of the Holy Spirit guide every step of theirs in their new life within the Church. Worthy!

[2025.12.20. 서울 성당 세례성사]

특별한 영적인 기쁨과 깊은 참회의 분위기 속에서, “하느님을 전하는 자” 성 이그나티오스 축일인 2025년 12월 20일 토요일, 서울 성 막심 성당에서 암브로시오스 대주교, 로만 대신부, 임종훈 안토니오스 신부, 에피파니오스 수도신부, 크리스토퍼 보제의 집전으로 성찬예배와 함께 거행된 세례성사를 통해서 7명의 예비신자가 정교인이 되었습니다 (김안나(유아), 이유은 에반젤린(유아), 김에나 엘레나, 김영훈 요한, Juliet Betancourt(Monica), Andrei Tian, Damon Gautama(John)).
세례성사 후, 참석자들은 주교홀에 모여 새로운 신자들을 축하하였고, 암브로시오스 대주교는 축하인사를 전하며 세례성사와 성 이그나티오스 성인 사이의 밀접한 관계를 자세히 설명하며, 모든 그리스도인의 가장 고귀한 목적은 하느님의 은총을 세상에 전하는 “하느님을 전하는 자”가 되는 것이라고 강조했습니다. 동시에, 성탄절 성가를 인용하며, “하느님께서는 인류를 구원하기 위해, 즉 인류를 사랑하는 유일한 분(Philanthropos)으로서 인간이 되셨다”는 하느님의 세상에 오심의 의미를 강조했습니다.
새롭게 영적인 깨달음을 얻은 일곱 형제자매 여러분께 주님께서 힘과 영적인 성장을 허락하시고, 성령의 빛이 그들의 새로운 교회 생활의 모든 발걸음을 인도하시기를 진심으로 기원합니다. 모두 축하드립니다!",0,"12/28/2025 13:22",https://www.instagram.com/p/DS0nNYsjAFk/,"IG carousel",,Lifetime,3370,617,153,2,0,2,4
17961791261992589,17841472326972546,orthodox_korea,"Orthodox Korea Network","한국 정교회 대교구 주간 소식 (12월 21일)
Weekly News of Orthodox metropolis of Korea (December 21)

#정교회 #한국정교회 #한국정교회대교구 #orthodox#orthodoxy #orthodoxchristian #orthodoxchurch #christian #christianity #korea #orthodoxkorea#koreaorthodox#orthodox_korea #orthodoxkoreanetwork",0,"12/20/2025 14:07",https://www.instagram.com/p/DSgF-7jDUC3/,"IG carousel",,Lifetime,3457,692,51,2,0,0,1
18088158550994142,17841472326972546,orthodox_korea,"Orthodox Korea Network","[Twenty Years of the Parish of St. Dionysios of Aegina in Ulsan]

With particular brightness and great joy, the memory of St. Dionysios of Aegina was honored this year in Ulsan on the weekend of December 13–14, 2025. This year’s celebration had special significance, as the parish completed two decades of life and service.
The services began on Saturday evening with the Great Festal Vespers and Artoklasia, presided over by His Eminence Metropolitan Ambrosios, together with Fr. Yohan Park and Fr. Epiphanios Grigoriatis, who also delivered the homily. The evening concluded with a dinner in the church hall, where the faithful had the blessing of hearing His Eminence recount episodes from the life of the Saint connected with Aegina.
On the feast day itself, Sunday, December 14, Orthros and the Divine Liturgy were celebrated. In his homily, the Metropolitan focused on forgiveness as the foundation of our salvation, a virtue that characterized St. Dionysios, who is known as the “Saint of Forgiveness.” At the conclusion of the Divine Liturgy, special mention was made of the 20th Anniversary of the founding of the Parish of St. Dionysios in Ulsan. In moving words, the Metropolitan referred to the tireless efforts of the late Metropolitan Soterios for the purchase of the land and the construction of the church and the parish spiritual center, made possible through the generous donation of the late Vasilis Konstantakopoulos. In commemoration of this historic anniversary, an icon of St. Dionysios and commemorative towels were distributed to all those present. The feast concluded with the customary “Agape meal” and the distribution of Christmas gifts to the children of the parish. The Metropolitan, after adding some further reflections on forgiveness as a continuation of his homily in the church, went on to thank the parish priest, Fr. Yohan Park, Presvytera Angela, the parish council, and all those who worked for the preparation of the feast. He offered particular thanks to those who participated in the celebration from the parishes of Seoul, Busan, and Jeonju.",0,"12/18/2025 14:13",https://www.instagram.com/p/DSa9Corj-Aa/,"IG carousel",,Lifetime,4425,854,192,9,2,2,7
18388811575197810,17841472326972546,orthodox_korea,"Orthodox Korea Network","[The Feast of St. Nicholas in Seoul]

In the heart of Seoul, where Orthodoxy offers its daily witness of faith, the parish celebrated once again, with particular splendor and reverence, the memory of its patron, St. Nicholas, Archbishop of Myra in Lycia. In the Cathedral of the Korean capital, clergy and faithful gathered to honor the “rule of faith” and “image of gentleness” during a festive three-day celebration that combined the liturgical life of the Church with brotherly love.
The festive atmosphere began already on Sunday, November 30, 2025. Before the Dismissal of the Divine Liturgy, and in an atmosphere of deep devotion, the procession of the Holy Icon and the relics of the Saint took place at the solea of the Church. The faithful, chanting the Apolytikion, had the opportunity to venerate and receive the grace of the Saint. At the end, His Eminence Metropolitan Ambrosios of Korea, continuing the centuries-old tradition that regards St. Nicholas as the protector and benefactor of children, distributed gifts to all our little friends, filling the cathedral with children’s voices and joy.
The celebrations reached their peak on the eve of the feast, Friday, December 5th. The Great Festal Vespers with Artoklasia was served, followed by the procession around the Cathedral. In his homily, His Eminence spoke about the virtue of humility and how it is to be lived in our daily life. The evening concluded in the most beautiful way: a warm Agape meal and a special offering from our youth. The Syndesmos group presented the short film “St. Gerasimos of the Jordan,” a production created and prepared by the young people of the parish themselves.
On Saturday, the day of the feast, the bells of St. Nicholas rang out joyfully, calling the faithful to Orthros, the festal Divine Liturgy, and the homily. The celebration concluded with a common meal for the entire congregation and church hymns skillfully and melodiously rendered by our excellent chanters.
We pray that St. Nicholas may intercede for all who labor for the spread of the Orthodox witness in Korea and Japan, and for all who call upon his name.",0,"12/18/2025 13:56",https://www.instagram.com/p/DSa7E-cjRG1/,"IG carousel",,Lifetime,3400,511,131,13,0,2,1
18322450333171707,17841472326972546,orthodox_korea,"Orthodox Korea Network","[제1차 니케아 세계 공의회 1700주년 기념 행사]

지난 11월 28일부터 30일까지 비티니아의 니케아와 콘스탄티노플에서 역사적인 행사가 열렸습니다. 28일 니케아에서는 세계 총대주교청 주관으로 제1차 니케아 세계 공의회(325년) 1700주년 기념식이 열렸는데, 바르톨로메오스 세계 총대주교의 초청에 따라 레오 14세 교황과 여러 교회 지도자들이 참석했습니다.
이어 29-30일에 콘스탄티노플 세계 총대주교청의 성 게오르기오스 성당에서 거행된 성 안드레아 첫 사도 축일 기념 성찬예배에 레오 14세 교황이 초청되어 참석했습니다. 이 축일은 세계 총대주교청에서 특히 중요하게 기리고 있습니다.
세계 총대주교와 교황은 폭력 반대, 세계 평화와 화해, 그리고 교회 일치를 추구하는 내용의 공동 선언문에 함께 서명했습니다. 또한 개별 회담에서는 2033년에 그리스도의 수난과 부활 2000주년을 맞아, 두 교회의 수장이 다시 예루살렘에서 만나기로 논의했습니다
세계 총대주교는 “니케아 신경은 우리 모든 그리스도인들을 현존하게 하는 씨앗과 같습니다. 니케아 신앙의 열정이 우리 마음속에 타오르는 가운데, ‘우리 앞에 놓인’ 그리스도인 일치의 ‘길을 달려가자’”라고 강조했습니다. 이어서 그는 “수세기 동안 수많은 격변과 어려움, 분열이 초래되었지만, 우리는 이 신성한 기념 행사를 공동의 경외심과 공통된 희망의 마음으로 맞이한다”고 덧붙이며, “니케아는 승리를 뜻하는 그리스어에서 유래했지만, ‘힘과 지배’의 승리가 아니라 ‘무적의 십자가’의 승리를 상징합니다”. “이것은 이 세상의 승리가 아니라 천상적이고 영적인 승리입니다… 서로 사랑합시다.”고 강조했습니다.
이에 교황께서는 우리는 “분열의 스캔들을 극복해야 한다”고 화답하셨습니다. 모든 그리스도인은 “한 분이신 주 예수 그리스도”를 믿고, “한 분의 그리스도 안에서 우리는 하나”임을 믿으며, “전쟁, 폭력, 그 어떤 형태의 근본주의나 광신주의도 종교를 방패삼아 정당화하는 것을 강력히 거부해야 합니다. 우리가 따라야 할 길은 형제적 만남, 대화, 협력의 길입니다.”라고 강조하셨습니다.",0,"12/18/2025 13:47",https://www.instagram.com/p/DSa6BSOD9Bx/,"IG image",,Lifetime,2817,605,67,6,1,1,2
18093518491909898,17841472326972546,orthodox_korea,"Orthodox Korea Network","[Pastoral Visit to Okinawa and Tokyo, Japan]

From Friday to Sunday, November 14-16, 2025, His Eminence Metropolitan Ambrosios of Korea and Exarch of Japan conducted a missionary visit to the island of Okinawa and to Tokyo, the capital of Japan.
On Friday afternoon, the Metropolitan, together with his associates, visited a building located in a central area of Okinawa that fully meets the requirements to be used as a church, a gathering place for the faithful and for other parish events, as well as residence for the priest’s family. It also has a large parking area and outdoor space for various activities. The purchase price of the property is one million U.S. dollars (US$1,000,000). Together with the Rev. Fr. Andrew Kearns and members of the newly established association “Orthodox Genesis in Okinawa”, they discussed the purchase of the property and the organization of the Orthodox parish in Okinawa under the Ecumenical Patriarchate.
The following day, Saturday, November 15, in the spacious hall of the welcoming home of Mr. and Mrs. Socratis Smith and Erasmia Eliaki Metropolitan Ambrosios, together with Fr. Andrew and 35 Orthodox faithful and catechumens, celebrated Orthros and the Divine Liturgy.
On Sunday, November 16, the Metropolitan, together with Rev. Fr. Paul Koroluk and a number of faithful and catechumens, celebrated the Divine Liturgy at St. Alban’s Anglican Cathedral. 
After the Divine Liturgy, a small reception followed, during which everyone had the opportunity for spiritual fellowship with one another. The Metropolitan also had a special meeting with two Japanese students, one Orthodox and the other a catechumen, who are very interested in Byzantine and Patristic studies. The professor of one of the two students sent the Metropolitan an invitation asking him to give a lecture at the university where he teaches, on the topic of Byzantine iconography, which the Metropolitan gladly accepted.",0,"12/18/2025 13:41",https://www.instagram.com/p/DSa5bdojQU4/,"IG carousel",,Lifetime,3450,623,127,11,1,1,3
18435260446108578,17841472326972546,orthodox_korea,"Orthodox Korea Network","[The Feast of Saint Andrew at the Holy Monastery in Yanggu]

In an atmosphere of deep devotion and spiritual jubilation, the memory of the First-Called Apostle Andrew was honored again this year at his namesake Holy Monastery in Yanggu. The faithful, including catechumens, had the special blessing of traveling there to participate in the Holy Vigil, which was presided over by the ΗΕ Metropolitan of Korea and Exarch of Japan, Ambrosios. Serving at the Holy Altar were the priests Fr. Roman Kavchak, Fr. Jeremiah Cho, Fr. Anthony Lim, Fr. Epiphanios Gregoriatis and the deacon Fr. Christopher Jonker.
Out of pastoral care to facilitate the working faithful, the feast was transferred again this year from Friday night (Nov 28) to the dawn of Saturday (Nov 29). The liturgical program was particularly rich, beginning with Great Vespers, the Artoklasia (Blessing of the Loaves), and the Procession. It continued with the divine sermon, the practice of the “Jesus Prayer”, and Matins, culminating in the celebration of the Divine Liturgy. Immediately following the services, a monastic meal was offered to everyone. The spiritual program concluded on Saturday morning at 10:00 a.m. with the Service of the First Hour, a homily by His Eminence, and a lunch.
What remained etched in our hearts was the reference His Eminence made in his sermon, where he characteristically emphasized that “monasticism and monasteries are spiritual batteries.” Thus, we all departed from the monastery feeling deeply benefited, having fully charged our spiritual batteries through this mystagogical experience. Our fervent prayer is that the Lord may grant that new members blossom who will love and follow this great angelic way of life, breathing new life into the local Church.",0,"12/18/2025 13:31",https://www.instagram.com/p/DSa4Mc5Dxdb/,"IG carousel",,Lifetime,2756,511,104,0,1,1,1
17849154411588266,17841472326972546,orthodox_korea,"Orthodox Korea Network","[Schedule of Services for Christmas, New Year’s Day, and Epiphany]

CHRISTMAS
Wednesday 12/24/2025
9:00-10:30 am The Great Hours of Christmas (1st, 3rd, and 6th.)
5:00- 7:30 pm The Great 9th Hour, Vespers of Christmas, Divine Liturgy of St. Basil the Great
 
Thursday 12/25/2025
9:00-10:00 am Matins of Christmas
10:00-11:30 am Divine Liturgy of St. John Chrysostom
12:00-1:30 pm Christmas Celebration program & Agape meal
 
NEW YEAR’S DAY
Thursday 1/1/2026
9:00-10:00 am Matins of St. Basil’s Feast Day
10:00-11:45 am Divine Liturgy of St. Basil the Great and Doxology for the New Year
12:00 pm Cutting of the Vasilopita and Reception
 
EPIPHANY DAY
Monday 1/5/2026
9:00-10:30 am The Great Hours of Epiphany (1st, 3rd, and 6th)
5:00-7:30 pm The Great 9th Hour of Epiphany, Vespers and Divine Liturgy of St. Basil the Great
 
Tuesday 1/6/2025
9:00-10:00 am Matins of Epiphany
10:00-11:30 am Divine Liturgy of St. John Chrysostom
11:30-12:15 pm Great Blessing of the Waters

[성탄절, 신년, 신현축일 예배 일정]

성탄절
2025년 12월 24일(수)
오전 9:00 ~ 10:30 – 성탄절 대시과 (1시과, 3시과, 6시과)
오후 5:00 ~ 7:30 – 성탄절 대시과 (9시과), 성탄 대축일 대만과, 성 대 바실리오스 성찬예배
 
2025년 12월 25일(목)
오전 9:00 ~ 10:00 – 성탄 대축일 조과
오전 10:00 ~ 11:30 – 성 요한 크리소스톰 성찬예배
오후 12:00 ~ 1:30 – 성탄절 행사, 사랑의 오찬
 
신년
2026년 1월 1일(목)
오전 9:00 ~ 10:00 – 성 대 바실리오스 축일 조과
오전 10:00 ~ 11:45 – 성 대 바실리오스 성찬예배, 신년 대영광식
오후 12:00  – 바실로피타, 다과
 
신현축일
2026년 1월 5일(월)
오전 9:00 ~ 10:30 – 신현축일 대시과 (1시과, 3시과, 6시과)
오후 5:00 ~ 7:30 – 신현축일 대시과 (9시과), 신현축일 대만과, 성 대 바실리오스 성찬예배
 
2026년 1월 6일(화)
오전 9:00 ~ 10:00 – 신현축일 조과
오전 10:00 ~ 11:30 – 성 요한 크리소스톰 성찬예배
오전 11:30 ~ 12:15 – 신현축일 대성수식",0,"12/18/2025 13:20",https://www.instagram.com/p/DSa29qeDYe_/,"IG image",,Lifetime,3075,456,39,13,0,0,3
